"text","label"
"Itaú supera expectativas com lucro de R$ 6,25 bi; 3 resultados, Petrobras e Oi agitam o radar",1
"Itaú Unibanco tem lucro recorrente de R$5,817 bi no 4º",1
"Após Argentina e Turquia, Brasil pode ser o próximo na crise cambial dos emergentes, alerta El-Erian",0
"Petrobrás, Vale e siderúrgicas ainda estão longe das máximas na BM&FBovespa",0
"Embraer e Boeing enfim assinam acordo bilionário; mais notícias positivas para Petrobras e Eletrobras e outros destaques",1
"Bovespa recua, sem alteração no volume de negociações de 64% dos investidores",0
"Bovespa fecha em alta e abre a semana no positivo",1
"BR Distribuidora salta 4% em estreia na bolsa; Estácio avança e Vale sobe 2% com minério",1
"Brasil está caminhando para uma crise financeira única, diz The Economist",0
"Itaú vai cooperar com BC para reduzir juro em rotativo e prazo de reembolso ao comércio, diz Setubal",1
"Itaú BBA estima Ibovespa a 87.900 pontos ao final de 2018 e aponta 10 ações vencedoras para o ano",1
"Petrobras pagará R$ 2,3 bi em juros sobre capital próprio",1
"Alta do gás faz explodir acidentes com álcool de cozinha em PE",0
"ANP diz que vai punir posto que fizer reajuste abusivo de preço",0
"Ibovespa tenta subir, mas exterior volta a pesar após dados fracos dos EUA",0
"Petrobras volta a registrar ganhos e avança mais de 1%; 5 ações reagem a recomendações com alta de até 5%",1
"10 small caps recomendadas pelo Itaú BBA",1
"Refinaria da Petrobras interditada, opção de venda da Marfrig e outras notícias no radar",0
"Banco do Brasil e UBS assinam acordo para lançar banco de investimento",1
"Bovespa sobe e encerra janeiro com ganho acumulado de 7,4%",1
"Dólar fecha em R$ 4,07, alta de 1,6%, maior patamar em três meses. Ibovespa recua 0,33%, a 99.468 pontos.",0
"A reação ""explosiva"" das ações da Petrobras após rumor de que o Centrão irá apoiar Alckmin",1
"Tesla e mais 15 empresas “gringas” passam a ser negociadas na Bovespa hoje",1
"Com incertezas locais e externas, Bolsa cai 2,5% e dólar fecha a R$ 3,92",0
"Facebook perde US$ 119 bilhões e tem a maior queda de uma empresa na história dos EUA",0
"Ações da C&A estreiam na B3 com alta de 5%",1
"Produção total de petróleo e gás da Petrobras soma 2,67 mi de boed em maio",1
"A luta contra a democracia",0
"Banco do Brasil pagará R$ 0,313 por ação em 30 de setembro",1
"Preço da gasolina sobe 3,5% e do diesel tem alta de 4,2%, anuncia Petrobras",1
"PIB do Brasil recua 0,2% e tem primeira queda trimestral desde 2016",0
"Itaú lucra R$ 22 bi e paga R$ 10 bi em proventos em 2016; MPF pede bloqueio de R$ 3,8 bi na JF e mais destaques",1
"Veja cinco cursos online da BM&F Bovespa para quem quer aprender a investir",1
"Ibovespa sobe mais de 1% na abertura e recupera os 64 mil pontos, puxado por Itaú e Vale e de olho em Brasília",1
"Ações da Vale podem ter caído demais, diz Morgan Stanley",0
"Embraer salta 6% com venda ""cada vez mais próxima""; Vale e Petrobras caem com commodities",0
"Vale e Petrobras sobem mais de 1%, Gafisa cai 2% após recomendação e 2 small caps avançam com guidance positivo",1
"Crise emperra recuperação de construtoras",0
"5 notícias sobre a Petrobras, liminar barra maior caso da história do Carf, Ambev rebaixada e outros destaques",0
"Vale e Bradesco anunciam dividendos, Smiles e Gol reajustam preços e mais destaques",1
"Ações de Gol e Azul fecham em alta após caírem até 10% mais cedo; Petrobras sobe com petróleo e IRB cai 10%",1
"Custos de desastre da Samarco podem ser divididos entre Vale e BHP",0
"Veja os diferenciais de investir em fundos imobiliários na Bovespa durante 2017",1
"Dólar vai a R$ 3,81 e fecha no maior patamar em mais de dois anos; Bolsa cai 2,5%",0
"Sauditas retomam produção e petróleo cai 6,5%",0
"Ações da Petrobras fecham com alta modesta, apesar do petróleo; Telebras dispara com aumento de capital e IRB cai 8,5%",1
"Amoêdo defende taxação de igrejas e privatização de Petrobras e bancos públicos",1
"Ibovespa mira os 90.000 pontos e por que Petrobras, Vale e Itaú devem seguir esse rali",1
"Bovespa opera em baixa nesta quinta-feira, com recuo de 0,22%",0
"Itaú BBA vê ação do BB ""barata"", Petrobras nega pressão contra venda de sua parte na Braskem e outras notícias",1
"China dá resposta bastante dura aos EUA e XP aponta cenário binário para guerra comercial",0
"Aposta na alta da ação de Bradespar gera novo “tiro certo” na Carteira InfoMoney",1
"Casal de idosos com conta há 43 anos é abandonado pelo Itaú",0
"Banco do Brasil e UBS estão perto de fechar joint venture em banco de investimento, diz Reuters",1
"Embraer afunda 4,7% com ministro contra acordo com Boeing; Vale cai quase 5% e 8 ações reagem a resultados",0
"Vale o risco? Banco aponta 3 motivos para vender as ações da Embraer",0
"Quanto ganhou quem investiu R$ 1 mil há 10 anos em 20 ativos diferentes",1
"Bovespa sobe 0,27% amparada em ganhos do Itaú e da Vale",1
"Vale lucra US$ 771 mi, Gerdau reverte prejuízo e mais 7 balanços; Petrobras e Eletrobras perto de acordo bilionário e outros destaques",1
"Ação da Cielo fecha em alta de 14% após saltar 34% em meio a acordo com WhatsApp – mas há motivos para tanto otimismo?",1
"Vale cai 20% em dois meses, mas calma: ela ainda é uma boa empresa",0
"O fim dos monopólios remanescentes",0
"Itaú Unibanco corta projeção para PIB em 2017 de 1,5% para 1,0%",0
"Santander recomenda compra de Itaú e outras 8 ações para junho",1
"Bovespa reverte queda e tem leve alta nesta terça",1
"Braskem salta até 20% com Odebrecht negociando venda; Vale cai quase 2% com China",0
"Petrobras perde ação de R$ 2,4 bilhões no exterior",0
"Cerveja: AmBev, maior do Brasil, quer fechar capital da Quinsa, maior da Argentina",1
"Em meio à alta da Bolsa, empresas retomam planos de fazer ofertas de ações na B3",1
"Vale: ações já subiram 37% neste ano, mas investidores não perdem a confiança",1
"BM&F Bovespa promove projeto para diminuir impactos ambientais",1
"Guerra comercial derruba Bolsas no mundo e faz dólar subir no Brasil",0
"Eletrobras cai após recomendação de venda pelo Santander; Petrobras e Vale têm leves ganhos",1
"Petrobras passa por 1º ""teste de fogo"" e traz alívio aos investidores ao subir preços dos combustíveis",1
"Bovespa opera em alta, com investidores a espera da reforma da Previdência",1
"Ibovespa tem queda refletindo incertezas no exterior; dólar e DIs avançam",0
"Queda da Bolsa se deve mais ao receio de recessão global do que à Argentina",0
"Fique ligado ao horário do pregão da Bovespa nesta quarta-feira e nos próximos dias",1
"Bovespa opera oscilante, com trajetória de baixas nas ações da Vale",0
"Petrobras e Vale sobem com exterior; Lojas Americanas dispara quase 5% com recomendação",1
"Ações da Petrobras saltam quase 5%, Vale avança 3% e bancos sobem forte; IRB e frigoríficos fecham em queda",1
"Alliar Médicos à Frente estreia na Bovespa nesta sexta-feira; conheça a empresa",1
"Deputados aprovam permissão para Petrobras negociar áreas do pré-sal",1
"Vale e Petrobras caem com guerra comercial; Light dispara com italiana de olho na companhia",0
"Ibovespa sobe com resultado da Petrobras e dados de emprego decepcionantes nos EUA",1
"Apesar de interdição da ANP, Petrobrás diz que retomará operações da Replan",0
"Puxado por Vale e Petrobras, índice de ADRs Brazil Titans abre em alta em Wall Street",1
"Com alta de 170% da ação em 2019, Sinqia reforça duas vias de crescimento após balanço do 3º tri",1
"Vale cai 2,7% e Braskem salta 3% com recomendações; Petrobras ""ignora"" petróleo e sobe",0
"Lula diz que declaração de Dilma sobre Pasadena foi um “tiro no pé”",0
"Petrobras tem um de seus maiores catalisadores adiado - e tese de investimento fica mais binária",0
"Petrobras não irá reconhecer provisão de R$ 15,2 bilhões e irá recorrer de decisão do TST",0
"Impulsionada por ganhos da Vale, Bovespa inicia a semana em alta",1
"Ambev lança nova cerveja “popular” com mandioca, a Magnífica",1
"Petrobras aumenta gasolina, Suzano compra ativos da Duratex por R$ 750 mi e mais notícias no radar",0
"Embraer cai 7% após anúncio de acordo com a Boeing; Eletrobras e Petrobras estendem rali",0
"Justiça na Suíça multa Vale em US$ 233 mi",0
"STF suspende efeitos de julgamento que obriga Petrobrás a pagar R$ 17 bi em ações trabalhistas",0
"Comprar ação do Itaú ou do Banco do Brasil? Analistas sem Censura respondem",1
"Três assaltantes morreram durante tentativa de assalto ao Banco do Brasil, em Benevides",0
"Bovespa fecha em alta, otimista com novos estímulos nos Estados Unidos",1
"Petrobras dispara 12% em duas sessões; Ultrapar afunda 4% com aprovação de projeto no Senado",1
"Bovespa acompanha otimismo global e começa a semana em alta",1
"Diesel sobe até 14,4% com alta do câmbio e do preço internacional",0
"Com melhora do cenário externo, dólar reduz alta e fecha dia em R$ 3,91; Bolsa cai 1,02%",0
"Ex-diretores da Petrobras e Dilma viram réus na CVM",0
"Por que as ações da Vale sobem, enquanto os títulos de dívida estão em queda?",1
"Ibovespa sobe com impulso de Petrobras e Vale; DIs recuam digerindo ata do Copom",1
"Chegou a hora da Vale?",1
"Ações do Brasil são rebaixadas por Santander e Itaú BBA; JBS, Petrobras e mais destaques no radar",0
"Petrobrás sobe de novo preço da gasolina e valor atinge recorde",0
"Itaú dispara após balanço positivo - mas analistas divergem sobre futuro da ação na Bolsa",1
"Petrobras fecha segundo trimestre com lucro de R$ 10,07 bi, o maior desde 2011",1
"Maior gestora do mundo vende ações da Petrobras; dividendos de R$ 1,2 bi do Bradesco e mais notícias no radar",0
"Petrobras registra sexto maior prejuízo entre as empresas listadas na Bovespa",0
"Bovespa cai 1,8% com realizações de lucros em dia de aversão global a risco",0
"Ambev e outras gigantes de bebidas pressionam governo por incentivo fiscal; Vale, recomendações e mais destaques",1
"Banco do Brasil fecha parceria com o UBS, plataforma da Petrobras tem produção suspensa e mais destaques",0
"Petrobras tem maior lucro trimestral da história com venda de ativos; balanços de Hering, Localiza e mais destaques",1
"Preço médio da gasolina nas refinarias sobe e já supera os R$ 2,20",0
"Petrobras conclui venda do restante da TAG por R$ 1 bi; Braskem capta US$ 600 mi, produção da Vale e mais notícias",1
"Ações da Petrobras e do Banco do Brasil são as preferidas dos analistas em maio; confira recomendações",1
"Funcionários da Vale fazem paralisação por pagamento de PLR",0
"Exercício de opções movimenta mais de R$ 5,5 bilhões na B3; Petrobras lidera contratos de venda",1
"Bovespa encerra sessão volátil em queda de 1,63%, após declarações de Yellen",0
"Vale e Samarco fecham acordo para encerrar ação de R$ 20 bi sobre desastre em Mariana",0
"Incêndio em refinaria da Petrobras, dividendo extraordinário da CSN e mais notícias",0
"Prefeitura de SP registra valor recorde de patrocínio para Carnaval de rua",1
"Vale (VALE3) tem lucro de R$ 6,461 bilhões no 3º trimestre",1
"Itaú tem lucro de R$ 6,38 bilhões no 2º tri; queda no lucro da Cielo e mais resultados no radar",1
"Com prêmio de R$ 20 mil, Ambev busca startups para criar novas experiências de consumo",1
"Dólar tem primeira alta em quatro pregões e fecha a R$ 3,76",0
"Se a bolha dos EUA estourar, podemos ter uma crise pior que a de 2008, diz Ricardo Amorim",0
"Ibovespa cai 2,5% após Trump dizer que responderá a tarifas da China; dólar supera R$ 4,11",0
"Na pandemia, Ambev cria diretoria de saúde mental",1
"Ibovespa segue perigoso apesar dos destaques positivos de Petrobras, Gerdau, Vale e B2W",1
"Duas empresas anunciam dividendos, recomendação de Petrobras e mais notícias no radar",1
"Bolsa acentua queda com início do julgamento do habeas corpus de Lula",0
"Gol e Ambev venderão passagens a preço de lata de cerveja durante jogo do Brasil nesta terça-feira",1
"Bovespa encerra a segunda-feira com queda de 0,4%",0
"Ações de 4 pesos-pesados da Bovespa ficam ""ex-dividendos"" amanhã; confira",0
"Governo quer parceria com a Vale para ferrovia; Petrobras paga US$ 5 bi em dívidas e mais 6 notícias",1
"Dólar fecha em alta de 0,43%, cotado a R$ 4,17",0
"Com R$ 7,7 billhões distribuídos, Itaú é banco que mais pagou dividendos em 2016; veja o ranking",1
"Bovespa fecha em queda de 0,43% após ganhos recentes e com prisão de Cunha do radar",0
"Embraer dispara 5% com avanço no acordo com Boeing; Vale sobe seguindo minério e ações reagem a recomendações",1
"Petrobras pode superar meta de produção caso atrase vendas de ativos, diz Itaú BBA",1
"De Petrobras a Ambev: 14 empresas que se destacaram nesta temporada de resultados",1
"Carf: Itaú deverá pagar tributação sobre plano de venda de ações",0
"Produção de petróleo recua ao nível de 2016",0
"Detalhes da fusão Cetip/Bovespa: benefício fiscal pode chegar a R$ 374 mi por ano, diz Deutsche",1
"Após disparada de 9,5% com 2 boas notícias, Itaú BBA vê ""exagero"" do mercado com BRF e recomenda cautela",1
"Itaú salta 6% em três dias; ação sobe 4% com recomendação do Itaú BBA e 4 papéis reagem a balanço",1
"Fusão da BM&F Bovespa e Cetip pode gerar a 5ª maior bolsa do mundo",1
"Bolsa tem terceiro dia de queda e volta aos 94 mil pontos",0
"Fiscalização paralisa plataforma a serviço da Petrobras na Bacia de Santos",0
"Mecanismo adotado pela Petrobras deixa preço da gasolina estável por 15 dias",1
"Bovespa sobe em sessão positiva para ações de siderurgia e mineração",1
"Ambev tem vagas para vendedores no Rio Grande do Sul",1
"Maior IPO do ano, ação do Grupo Mateus fecha pregão de estreia na B3 perto da estabilidade",1
"Estatais perdem ainda mais espaço entre as recomendações de julho, enquanto Itaú reina absoluto na liderança",1
"Operação suspende produção de plataforma da Petrobras por inconformidades",0
"Bovespa bate nova marca histórica, ultrapassando os 76 mil pontos nesta segunda",1
"Falha em linha de Belo Monte causa apagão em 13 Estados do Norte e Nordeste",0
"Bovespa fecha em alta puxada por Petrobras",1
"Petrobras vê excedente de gás no futuro e estuda eventual exportação de GNL",1
"Itaú propõe aumentar dividendos mensais em 50% com desdobramento de ações",1
"Itaú Unibanco e Multiplus lançam cartão conjunto de olho em alta renda",1
"BofA Merrill Lynch: Reajuste da Petrobras confirma novo viés “mercado” após ataques na Arábia",1
"Ex-CEO da Vale, Murilo Ferreira ganhou R$ 60 milhões da mineradora em 2017",0
"Grandes acionistas podem vender até R$ 17 bilhões em papéis da Vale - mas não há motivo para pânico",0
"Bovespa fecha em alta mesmo com receios fiscais e exterior desfavorável",1
"Justiça suiça multa a Vale em US$ 233 milhões",0
"Mega venda de até R$ 17 bilhões de ações da Vale não deve acontecer agora, diz BTG",0
"Ibovespa cai 1,5% com falta de investidores estrangeiros e apreensão política; dólar vai a R$ 4,15",0
"Pessimismo de gestores atinge o maior patamar desde a crise mundial de 2008",0
"Ação de gigante de tecnologia ofusca Tesla com alta de 880%",1
"Colorado, da Ambev, lançará uma cerveja por mês com nova linha",1
"Geral recomenda Itaú, Ambev e mais 8 ações; confira",1
"Bovespa opera em baixa de 1,16% nesta segunda-feira, atenta ao cenário político",0
"Ibovespa cai mais de 1% com saída de capital de emergentes em meio a incertezas sobre economia",0
"FUP entra com ação contra venda de refinarias pela Petrobras",0
"Lucro das empresas da Bovespa tem queda de 13,2% no segundo trimestre de 2017",0
"Para Itaú, demanda na China é insustentável e minério de ferro vai cair 32% este ano",0
"Banco do Brasil pagará remuneração de R$ 476,6 milhões aos acionistas",1
"Banco do Brasil é a instituição mais forte do mundo, diz pesquisa",1
"Small cap terá ""block trade"" de 12,5 milhões de ações na Bovespa no dia 11 de novembro",0
"Bolsa cai 1,9% e fecha no menor nível em quase dois meses",0
"Dólar volta a subir e fecha em R$ 4,09 com saída de capital externo",0
"Moro trava investigações para proteger empresas e delatores da Lava Jato",0
"Vale e siderúrgicas caem mais de 1% com minério; Marfrig sobe 2% e Petrobras ameniza com fala de Maia",0
"Petrobras perde força apesar do salta do petróleo e Suzano sobe com nova alta do dólar",0
"Dólar tem manhã de alta e Bolsa cai abaixo dos 104 mil pontos",0
"Itaú Unibanco supera expectativas e tem lucro de R$ 6,2 bilhões no segundo trimestre",1
"Justiça manda Vale pagar R$ 12 milhões a familiares de 3 vítimas de Brumadinho",0
"Com Petrobras e Ambev, exercício de opções movimenta R$ 6,5 bilhões na B3",1
"Ações da Oi saltam 9% e TIM e Vivo têm alta de 6% após oferta conjunta; Ser dispara 15% e Via Varejo sobe 7%",1
"Ação da Via Varejo salta 35%: as maiores altas e as maiores quedas do Ibovespa em maio",1
"Bovespa sobe 1,73% e fecha na máxima desde abril de 2012",1
"Entenda a turbulência na Petrobras e o histórico de crise da empresa",0
"Petrobras divulga início de fase vinculante para venda de 4 campos terrestres na Bahia",1
"Vale sobe 1% e atinge R$ 52; Lojas Americanas dispara, Cyrela cai 2% e mais ações reagem a balanços",1
"Petrobras e bancos saltam, enquanto Suzano cai 4% com Alckmin ganhando força; mudança de CEO ofusca balanço e TIM cai",1
"Por enquanto, dólar não coloca em risco trajetória de inflação, diz Itaú",1
"Itaú registra lucro de R$ 6,42 bilhões no primeiro trimestre e supera as projeções do mercado",1
"Credit Suisse espera que ação se valorize quase 300% em apenas um ano",1
"Vale pode pagar dividendos ""muito maiores"" que o mínimo, diz CEO",1
"Com Petrobras e Braskem, exercício de opções movimenta R$ 3,4 bilhões na B3",1
"Dólar fecha a R$ 3,99, maior valor desde período pré-eleitoral",0
"Itaú Unibanco revisa projeção para IPCA de 3,7% para 3,3% em 2017",0
"Vale repete 2003 e anuncia proventos adicionais aos acionistas",1
"BRF dispara mais 7% com Parente no lugar de Abilio; Petrobras, Vale e siderúrgicas sobem com commodities",1
"Temporada de balanços: semana que vem terá publicação de 12 resultados e Itaú é destaque",1
"Como comprar ações do Banco do Brasil (BBAS3), passo a passo",1
"Petrobras salta 4% e BRF cai 3,5%; Vale tem perda de quase 2% com tensão entre EUA e China",1
"Vale sobe 2% e Ambev salta 5% com resultados positivos; Paranapanema cai até 4% após ser alvo da Zelotes",1
"Com proposta de R$ 16 milhões, subsidiária da Ambev vai patrocinar carnaval de rua de SP",1
"Petrobras e Vale avançam 1%; Hypera e Porto Seguro sobem após balanços e Marfrig salta com venda de ativos próxima",1
"Dólar sobe pelo segundo dia seguido e fecha a R$ 3,77",0
"Com bancos e Petrobras na liderança, exercício de opções movimenta R$ 4 bilhões na B3",1
"Petrobras sobe forte seguindo petróleo; Linx cai 3% após saída de executivo e mais destaques",1
"Itaú: taxa de desemprego cai com aumento de trabalho sem carteira assinada",1
"Dólar volta a subir e fecha a R$ 4,09, em alta de 0,93%",0
"Ibovespa sobe com exterior e arrancada da Petrobras; dólar cai e encerra sequência de altas",1
"Como comprar ações da B3 (B3SA3); veja o passo a passo para investir",1
"Banco do Brasil confirma demanda de R$ 7 bi de pessoa física em follow on",1
"Dólar fecha em alta, cotado a R$ 3,73; Bolsa cai 0,47%",0
"Poderoso investidor do Vale do Silício renuncia acusado de assédio sexual	",0
"Banco do Brasil lucra R$ 3,4 bilhões no 3º trimestre, lucro do Carrefour cai 37%, outros 19 balanços e mais notícias",1
"Petrobras eleva preço da gasolina em 3,5% e do diesel em 4,2%",0
"Itaú terá de pagar R$ 60 mil por obrigar funcionária a cometer atos ilícitos",0
"Petrobras sobe 1,5% com petróleo e possível venda de ativos; holding da Bradespar avança após recomendação",1
"Itáu Unibanco vê provisões relacionadas à Lava Jato em níveis adequados",1
"Enfoque: Petrobras se articula para enfrentar novo inimigo – ladrões de combustível",0
"Maia contém apreensão com atraso na Previdência e freia queda da Bolsa",0
"Guerra travada por EUA e China não é só comercial: ela é tecnológica",0
"Trégua em guerra comercial entre EUA e China deve durar pouco, diz BofA",0
"Itaú Unibanco tem lucro de R$ 6,38 bilhões no 2º trimestre e frustra projeções",1
"Petrobras suspende produção da plataforma P-50 por rompimento de amarra",0
"Após nova decisão, bloqueio de conta da Vale chega a R$ 11 bilhões",0
"Minério de qualidade é nova demanda do mercado e preferência ""veio para ficar"", diz Vale",1
"Ações da Petrobras disparam em dois dias e opções de compra sobem até 180%",1
"Buy list do Itaú BBA e outras 4 recomendações; oferta de ações de R$ 2 bi e mais 11 empresas no radar",1
"Bovespa oscila nesta segunda; Vale e Petrobras estão entre as baixas do dia",0
"Plataformas da Petrobrás começam a se tornar sucata",0
"Carteira recomendada: Itaú BBA elege nova preferência em portfólio Top 5",1
"Brasil está sem solução para crise e sua imagem se deteriora rapidamente, diz fundação alemã",0
"Siderúrgicas e Vale caem até 5% com minério; Petrobras recua 3% e Suzano dispara mais 7%",0
"Ambev é trocada por Vale em lista do Itaú BBA; mais 5 recomendações, Marfrig faz compra, data-limite na Eletrobras e outros destaques",1
"Bolsonaro se envolve em nova polêmica ao usar declaração distorcida para atacar jornalista",0
"Ação do Itaú Unibanco movimenta R$ 344,5 milhões em ""block trade"" na bolsa",1
"Petrobras e Vale já romperam suas máximas do ano: o que falta para o Ibovespa andar?",1
"Itaú BBA espera que a Vale tenha resultado ""impressionante""; alerta para elétricas e mais 7 notícias",1
"Petrobras esclarece decisão do TCU, Itaú BBA eleva Embraer, boa notícia para Vale e mais 13 empresas no radar",1
"O reajuste da gasolina ",0
"Petrobrás cria grupo interno para enfrentar ladrões de combustível",0
"Vale tem ADR elevado para compra pelo Bradesco BBI; Lojas Americanas de olho na Netshoes e mais notícias",1
"MMX sinaliza alta de 17% na abertura, Embraer salta 2% com Itaú BBA e Petrobras avança",1
"JPMorgan projeta alta de 13% para ações na América Latina",1
"Ibovespa cai abaixo dos 100 mil pontos com espera pela Previdência",0
"Itaú Unibanco eleva lucro no 4º tri, prevê queda das provisões em 2017",1
"Resultado da AmBev surpreende, com foco em nova política de preços",1
"Bradesco cai 3,5%, Vale sobe 2% e Ambev dispara 5% após resultados; small cap desaba 7% com Zelotes",1
"Estreia de ação na Bovespa, Previ contra a Petrobras, TIM elevada e mais 5 notícias no radar",1
"Quer investir na Bovespa? saiba como iniciar os negócios em tempos de crise",1
"Magazine Luiza dispara 14%: ainda vale a pena comprar?",1
"Ibovespa cai depois de adiamento de votação da Previdência na CCJ do Senado",0
"Com alta de mais de 200% em 2019, as ações da Sinqia estão caras?",1
"Itaú BBA eleva preço justo de ações de dois bancos",1
"Itaú deve indenizar família de bancário usado como ""escudo humano"" em assaltos",0
"Moro condena ex-gerente da Transpetro a 12 anos e seis meses de prisão",0
"Mineradora é criticada por atuação em fertilizantes",0
"Equipe econômica prevê nova crise em 2020, caso reforma não passe",0
"Ibovespa tem terceira alta seguida puxado por Petrobras e Vale; dólar avança e encosta em R$ 3,80",1
"Santander recomenda compra para ação e espera alta de 83%; veja qual",1
"Petrobras cai 1% e Usiminas avança 4% com possível reajuste; Gradiente salta mais de 500% em apenas três pregões",0
"Banco do Brasil fará concurso para atrair talentos em TI",1
"Presidente do Banco do Brasil pede restabelecimento da confiança nas instituições",1
"PF deflagra 52ª fase da Lava Jato, sobre crimes em subsidiárias da Petrobras",0
"Mesmo após ?virada histórica?, Petrobras pode subir ainda mais, afirma analista",1
"Com tensão eleitoral e cenário externo, mercados não escapam. Instabilidade vai longe",0
"Quer trabalhar na bolsa? Bovespa oferece mais de 20 vagas",1
"Importadoras de diesel ameaçam abandonar mercado",0
"Bovespa fecha em forte queda após Trump dizer que vai responder a novas tarifas da China",0
"Petrobras sobe, mas ameniza com fala de Trump; dona da Gradiente salta mais de 600% em 4 pregões",1
"Vale cai com minério e com má notícia sobre embarques; ""novata na bolsa"" tem baixa de 3% com recomendação",0
"Petrobras sobe mais de 3% e bancos têm novo dia de fortes ganhos; Renner dispara após recomendação",1
"Vale lamenta morte de Eliezer Batista, que foi duas vezes presidente da empresa",0
"Eletrobras afunda 4% e varejista sobe quase 20% em 6 pregões; Vale e Petrobras fecham no zero",0
"Vale fecha parceria com a Dubal em projeto de sua subsidiária no Pará",1
"Vale é elevada para grau de investimento e STF mantém leilão na Eletrobras; Petrobras e mais destaques",1
"Bovespa fecha com alta discreta e sustenta os 100 mil pontos",1
"Dólar cai de olho no Congresso e Bolsa perde fôlego",0
"Como a Ambev chegou ao topo do capitalismo?",1
"Bovespa sobe 0,5% impulsionada por ganhos da Vale",1
"Os protestos contra a CPMF ao longo da história",0
"Maioria dos empresários quer diversificar atuação de companhia, diz pesquisa",1
"Suspensão de ações do MPF contra a Samarco vai até 30 de outubro, diz Vale",0
"Itaú Unibanco adquire participação de 49,9% na XP Investimentos por R$ 6,3 bi",1
"Bovespa fecha em queda, diante de cenário exterior agitado",0
"Call do Itaú BBA reforçado para Fibria e Suzano e mais recomendações, 3 notícias de Petrobras e outros destaques",1
"Após recorde, Petrobrás reduz preço da gasolina nas refinarias em 0,59%",1
"Preço do petróleo """"no ponto"""" serve de alívio para Petrobras",1
"Dólar supera os R$ 4,10 e Bolsa perde os 90 mil pontos",0
"Small cap salta 7% após balanço e incorporadora cai 2%; Petrobras e Vale oscilam entre leves perdas e ganhos",0
"Perspectiva de nova queda dos juros pode favorecer a bolsa",1
"Ação da Vale dispara 7% com minério e dados da China, enquanto Petrobras sobe 3%; Ambipar salta 27% em dois pregões",1
"Petrobras sobe quase 2% com petróleo e resiste a noticiário negativo; Duratex salta 10% após acordo com Suzano",1
"Petrobras e EIG podem realizar sonho portuário de Eike Batista",1
"Itaú e RD caem até 3%; Cielo chega a despencar 8% após balanço decepcionante e Embraer vira para alta",0
"Termina amanhã prazo para reservar debêntures isentas da Petrobras e CRA da JBS",1
"Crise na Venezuela, OCDE e Otan: os destaques do encontro entre Bolsonaro e Trump nos EUA",0
"Ibovespa ganha força e sobe 1% com arrancada da Petrobras; dólar supera R$ 3,91",1
"Ibovespa sobe mais de 1% com Petrobras e bancos; dólar recua e volta para R$ 4,11",1
"Petrobras não alterou e nem vai alterar política de preços, diz Monteiro",1
"Vale dispara 4%, Cemig salta 5% com possível IPO e nova ""lista de compras"" do Itaú puxa duas ações",1
"Via Varejo salta 8% com ""transformação digital""; Petrobras e Eletrobras caem mais de 1% de olho nas eleições",0
"Braskem cai após disparada de 21% na sexta; Petrobras e Vale têm baixa de 2% e Embraer sobe mais de 1% com ""acordo próximo""",0
"Bolsa fecha em queda com exterior negativo",0
"Petrobras tem forte queda na Bolsa após recuo em reajuste do diesel",0
"Ação da Vale cai mais de 3% com paralisação de sua maior mina em MG; Gol dispara 8% com sinalização do governo Doria",0
"Bovespa opera sem viés definido com receios sobre Trump ainda no radar",0
"Weg mostra por que ação é a maior alta do Ibovespa em 2020 – mas analistas veem desafios para papel subir mais",1
"Vale espera que níquel se torne lucrativo com boom das baterias",1
"Vale produz 82 milhões de toneladas de minério no 1º tri; novos nomes para BRF, Embraer e mais destaques",1
"Bovespa opera oscilante nesta sexta, impactada pelo cenário político nacional",0
"Bovespa sobe 1,8% impulsionada por avanço das ações de siderúrgicas e mineradores",1
"Holding da Vale salta mais de 4% e Eletrobras cai 3%; veja mais destaques da bolsa",1
"Ambev tem lucro de R$ 2,75 bilhões no primeiro trimestre",1
"Petrobras adianta pagamento de dívida com o Citibank no valor de US$ 500 milhões",0
"Secretaria de MG cancela autorização da Vale para operar barragem de Laranjeiras",0
"Indenização paga pelo Itaú é reduzida de R$ 160 milhões para R$ 160 mil pelo STJ",0
"Braskem dispara mais de 7% com notícia sobre venda; Petrobras, Vale e bancos sobem com ajuste de ADRs",1
"Vale celebra contrato de compra e venda de ações com siderúrgica de Dubai",1
"Mercados despencam com novo capítulo de guerra comercial",0
"Brasil vira o maior mercado da marca Heineken – e aumenta a dor de cabeça dos acionistas da Ambev",1
"Ações da Petrobrás começam o dia em alta, mas Bolsa perde força com cenário externo",0
"Bovespa tem leve alta em sessão com intenso noticiário corporativo",1
"Ação com alta de 7,5% nesta semana deve valorizar mais 55%, diz Bradesco",1
"Paciência: o estrangeiro logo chegará na Bovespa, diz gestor que ""ganhou"" 3.100% em 17 anos",1
"Holding do Itaú fará baixa contábil de R$ 260 milhões no resultado de 2016",0
"Queda nas ações da Petrobrás é desafio para estratégia de venda de ativos do BNDES",0
"Ações da Braskem despencam após desistência da LyondellBasell",0
"“CPI da Lava Toga” alimenta debate sobre ativismo judicial e crise institucional",0
"Bovespa ensaia melhora com Wall Street; BB Seguridade pesa",1
"Kit privatização leva bolsa aos 101 mil pontos",1
"Empregado da Vale que teve braço e mão esmagados ganha indenização de R$ 60 mil",0
"Itaú lucra R$ 6,4 bi no 1º trimestre, Eletrobras faz acordo nos EUA, 3 recomendações e mais destaques",1
"Bovespa fecha praticamente estável, com movimento de ajuste limitado por ganhos da Vale",1
"Perda do FGTS com ações já é de R$ 662 milhões",0
"Vale anuncia proposta de remuneração mínima aos acionistas para 2008",1
"China volta a prometer ‘contramedidas’ contra tarifas dos EUA",0
"Dólar fecha em alta de 0,48%, a R$ 3,9590. Ibovespa recua 1,04%, a 95.008 pontos.",0
"Escolha diabólica pode fazer Brasil se afundar na crise rapidamente, diz CNBC sobre eleições",0
"Pedro Parente diz que teve uma lição ao comandar a Petrobras e que saiu para preservá-la",1
"Juros mais baixos levam Bolsa a ficar acima dos 105 mil pontos",1
"Bolsa tem baixa de 0,05% com declaração de Bolsonaro sobre juros do BB",0
"Iminente alta de combustíveis pela Petrobras, as ações preferidas do Itaú BBA para 2017 e mais 9 notícias",0
"Petrobras e mais 5 ações afundam até 4% após serem excluídas de ""Buy List"" do Itaú; JBS desaba 9%",0
"Bovespa opera em queda pelo quinto dia seguido, com recuo de 0,14%",0
"Posto formal tende a dar maior contribuição para melhora do desemprego, diz Itaú",1
"Ação da Via Varejo dispara 74% e Embraer cai 9%: as maiores altas e as maiores quedas do Ibovespa em abril",1
"Ações do Magazine Luiza começam a ser negociadas na BM&F Bovespa",1
"Abilio será indicado hoje para a BRF",0
"Bovespa sobe mais de 1% e fecha no maior desde janeiro de 2013",1
"ANP retira interdição da Replan em instalações não afetadas pelo incêndio",0
"Fundos de Petrobras e Vale ofereceram retorno superior a 10% em novembro",1
"Eunício defende ""previsibilidade"" na política de preços da Petrobras",0
"Bovespa cai 0,01% nesta segunda, após ultrapassar 72 mil pontos na última semana",0
"Índice da Bovespa registra queda de 1,26% devido a perda de commodities",1
"Petrobras ainda espera devolução de R$ 43,1 bilhões pela Lava Jato",0
"Falas de ministros e vice-presidente sobre liberação de recursos incomodam área econômica",0
"Vale do Rio Doce vai distribuir US$ 825 milhões aos seus acionistas",1
"Petrobras marca data para apresentar resultado, regate de bonds da Vale, 2 dividendos e mais 5 notícias",1
"Companhia Vale do Rio Doce anuncia distribuição de juros sobre capital próprio",1
"Participação de investidor Pessoa Física na Bovespa aumenta 43% em janeiro",1
"Após manhã negativa, Ibovespa opera perto da estabilidade e dólar cai",0
"Com desconfiança do mercado, ações do BTG e da BR Pharma despencam",0
"Dia dos bancos: Itaú, Bradesco e BB disparam e ganham R$ 11 bilhões em valor de mercado",1
"Crise “política, econômica e moral” criou uma boa oportunidade para o Brasil, diz Financial Times",0
"Banco do Brasil tem reserva de R$ 2 bilhões para o caso de perdas com a Odebrecht",1
"Itaú Unibanco supera expectativas e vê lucro saltar 11% no 3º trimestre, para R$ 6,25 bilhões",1
"Eleições e guerra comercial fazem dólar subir mais de 2% e chegar aos R$ 4,15",0
"M. Dias Branco dispara 7% e Locamerica salta 4% por balanços,Petrobras sobe com petróleo e mais destaques",1
"Produção da Petrobras tem alta de 6,4% no segundo trimestre e vai a 2,8 milhões de barris",1
"Barata demais? Ação renasce com alta de 150% em 4 dias e não deve virar “caso isolado”",1
"Crianças são 0,4% dos investidores pessoas físicas na BM&F Bovespa",1
"Aumento de impostos é insuficiente, e governo não deve cumprir atual meta fiscal, projeta Itaú",0
"BTG Pactual indica ação e prevê alta de quase 40% em um ano",1
"Empregados da Eletrobras suspendem greve de 72 horas",0
"Toffoli suspende efeitos de ação trabalhista de R$ 17 bilhões contra Petrobras",0
"Reforma da Previdência impacta resultados na Bovespa e decisão dos investidores",1
"Samarco não vai retomar as operações neste ano",0
"Vale e siderúrgicas caem até 4% com tensão entre EUA e China; Petrobras tem baixa de mais de 1%",0
"Itaú salta quase 4% após balanço surpreender; Vale sobe 3% com minério e JBS cai 5% com pedido do MPF",1
"A ação que um dos maiores investidores do Brasil está comprando na Bovespa",1
"Ações da Petrobras saltam quase 5%, Vale avança 3% e bancos sobem forte",1
"Após recorde na sexta-feira, Bolsa abre em queda com exterior negativo",0
"Itaú é condenado após recusar indenização a gerente aposentada por invalidez",0
"Ataque a refinarias faz petróleo disparar",0
"Ações da Vale e Fleury serão negociadas ""ex"" no próximo pregão; yields chegam em 2,25%",1
"Ibovespa Futuro cai seguindo exterior e em meio a crise na Educação; dólar e DIs sobem",0
"Bovespa fecha no azul; Suzano avança 2% após resultado trimestral",1
"Três meses depois, caminhoneiros seguem insatisfeitos",0
"Ação da CSN dispara 7% com recomendação elevada; RD salta com lançamento de marketplace e Vale sobe com minério",1
"Explosão em Paulínia não vai causar desabastecimento de combustível, diz Petrobrás",0
"Bovespa fecha em leve queda em dia de decisões sobre juros no Brasil e EUA",0
"Vale e siderúrgicas saltam até 6% com China e elétrica dispara 27% em 4 pregões; veja os destaques",1
"ADRs seguem bom humor externo e sobem em NY; Petrobras salta 2% e BRF dispara 5%",1
"Jornal corrige declaração de Lula sobre “traição” de Dilma ao seu eleitorado",0
"Vale cai mais de 1% seguindo a baixa do minério",0
"Bovespa fecha em leve alta mesmo com fritura da equipe econômica",1
"Bolsa cai quase 2% com atraso na Previdência e julgamento de soltura de Lula",0
"Petrobras cai mais de 1% com queda forte do petróleo; Embraer sobe 3% com encomenda bilionária",0
"Dólar bate em R$ 3,99 e Bolsa volta a cair no Brasil",0
"BRF salta até 8% com Parente perto da presidência; Petrobras tem alta de olho na cessão onerosa",1
"Itaú BBA reforça coro do BTG e prevê recorde de novidades em ""novo Ibovespa""",1
"Relatório da reforma da Previdência agrada e dólar cai a R$ 3,85",1
"Governo do Rio veta duplicação de terminal da Transpetro",0
"Dólar cai com otimismo sobre reforma da Previdência",1
"Eletrobras tem leilão liberado; Petrobras abre caminho para vender Transpetro, recomendações e mais notícias",1
"5 times de futebol que seriam ""campeões"" na Bovespa (se tivessem ações listadas)",1
"Como fica a reforma da Previdência diante da maior crise do governo Bolsonaro?",0
"Itaú cai 3% após ser alvo da Zelotes; Vale dispara 5% puxada por minério de ferro",0
"BB troca comando em empresa de consórcio após casa civil barrar filiado ao PT",0
"Cade recomenda aprovação da compra do Citibank pelo Itaú",1
"EUA e China não alcançam acordo comercial, mas abrem espaço para novas consultas",0
"Duas boas pagadoras de dividendos ficaram ""ex"" na Bovespa amanhã; veja detalhes",0
"Risco de derrota de Macri derruba mercado argentino e contamina Brasil",0
"Bolsa cai 1,5% na semana com temor sobre economia global",0
"Bovespa opera sem viés definido dividido entre notícias corporativas locais e exterior",0
"Polícia Federal tenta obter dados sigilosos de CPI da Petrobras",0
"Gasolina cai nas refinarias e sobe nas bombas dos postos",0
"Após bater recorde, dólar recua para R$ R$ 4,16 e Bolsa avança 1%",1
"Compre a ação que os donos do Itaú possuem e não do seu banco",1
"Monopólio de refino da Petrobras perto do fim, freio de arrumação de R$ 5 bi na BRF e mais 9 notícias",0
"França e Irlanda ameaçam acordo UE-Mercosul se Brasil não proteger a Amazônia",0
"Petrobras produz 2,952 milhões de barris de óleo equivalente de petróleo, gás e LGN no terceiro trimestre",1
"Ação do IRB salta quase 6%, Vale e CSN avançam mais de 1% com minério e bancos caem até 2%",1
"Petrobras paga parcela de quase US$ 1 bi em acordo nos EUA; leilão da Eletrobras mantido e mais notícias",0
"Itaú vê risco de baixa para previsão de Selic a 10% ao ano no fim de 2017",0
"Vale descarta aporte imediato na Samarco para arcar com danos ambientais",0
"BRF e Marfrig de olho na venda de ativos; recomendação e mais 2 notícias de Petrobras e outros destaques",1
"Azul sobe 2% após anunciar parceria com Correios; Vale salta mais de 8% em 6 pregões",1
"Trump chega na Bovespa: as 3 ações que os analistas recomendam para ganhar com o presidente dos EUA",1
"Petrobras, Vale e siderúrgicas caem com commodities; seguradora sobe 2% após recomendação",0
"Fundos querem indenização de R$ 8 bi da Petrobras, as preferidas do Itaú BBA, boa notícia para o BB e mais 9 destaques",0
"Opções de venda da Vale sobem 300% em 4 dias, enquanto ação atinge mínima em 11 anos",1
"Banco do Brasil pagará mais de R$ 840 milhões aos acionistas",1
"CFO da Vale fala sobre presente e futuro da companhia em entrevista; acompanhe ao vivo",1
"Após máxima em 17 meses, Bitcoin despenca US$ 1.500 em minutos com queda em site de exchange",0
"Bovespa apresenta queda de 1,17%, porém cresce em valor de mercado",0
"Tempo é dinheiro? Veja cinco investimentos para lucrar a curto prazo na Bovespa",1
"Bovespa fecha em alta nesta segunda-feira",1
"Petrobras deve ter lucro 2.000% maior no 2º tri, de R$ 6,9 bilhões, apesar dos efeitos da greve",1
"BR Properties despenca 9% após Petrobras devolver prédio; estatal tem leve alta apesar da disparada do petróleo",1
"Petrobras conclui emissão de US$ 1 bilhão e registra menor taxa para bond de 10 anos",1
"Candidatos querem vender refinarias",0
"Dividendo do Itaú pode aumentar, IPO da Camil gira R$ 1,32 bi, leilões e mais destaques no radar",1
"Vale a pena comprar Usiminas depois da alta de 20% em 2018?",1
"Ambev fecha parceria com empresa que faz cerveja em pó",1
"Comprado em Vale? Banco alerta para queda ""iminente"" de um dos principais drivers da mineradora",0
"Petrobras tem lucro de R$ 10 bilhões no trimestre, o melhor desde 2011",1
"Petrobras recua 1% com interferência da ANP; Minerva e BRF sobem com rumor de fusão; Vale salta 2%",1
"À espera de corte de juros, ações de bancos têm queda na Bolsa de São Paulo",0
"Bolsa fecha o dia em leve baixa e dólar sobe a R$ 3,90",0
"Bovespa fecha em alta nesta quarta-feira, com destaque para JBS",1
"Cade estuda remédios para fusão de Fibria e Suzano, retomada de refinaria da Petrobras e outras notícias",1
"Ibovespa afunda 2,8% com Petrobras e bancos; dólar cai para R$ 3,76 com dupla atuação do BC",0
"Bovespa recua após ganhos recentes; Vale limita perda",0
"Bovespa: veja os principais destaques e acontecimentos da semana",1
"‘Notícia bem recebida’, diz Bolsonaro sobre EUA priorizarem Brasil na OCDE",1
"Títulos prefixados pagam o dobro da Selic: vale a pena investir agora?",1
"Ambev lançará primeira água mineral em lata do Brasil até fim de 2019",1
"Petrobras recebe mais de R$ 1 bilhão recuperado pela Operação Lava Jato",1
"Bovespa fecha em queda de mais de 2% com realização de lucro; commodities pesam",0
"Bovespa encerra o pregão no azul e acumula alta de mais de 7% em janeiro",1
"Bovespa perde força com realizações de lucros após 4 dias de alta",0
"Petrobras antecipa recebimento de R$ 8,4 bi em créditos da Eletrobras",1
"Petrobras e bancos caem até 3% com aversão ao risco do mercado; JBS sobe com recomendação",0
"Petrobras, Vale e bancos caem em dia de aversão no risco do mercado; só uma ação do Ibovespa sobe",0
"Ambev unirá seus negócios na Venezuela com a Cervecería Regional",1
"BTG Pactual recomenda ação e espera que ela se valorize 140% em um ano",1
"Mercados globais têm forte queda com acirramento de guerra comercial",0
"Vale ultrapassa o Bradesco em valor de mercado e se torna a 4ª empresa mais valiosa da Bolsa",1
"Ambev acerta a compra de cervejaria artesanal do interior de São Paulo",1
"Primeiros anúncios de relatório da Previdência assustam mercado, e Bolsa cai",0
"A Petrobrás sob pressão",0
"Petrobras e Vale sobem, TIM avança com recomendação e Bradesco tem alta após animar em evento",1
"Eletropaulo dispara 8% após receber oferta de compra; Vale e siderúrgicas caem com nova ameaça de Trump à China",0
"BB lucra R$ 17,8 bi em 2019, alta de 32%; balanços de Suzano e Totvs; estreia da Moura Dubeux na B3 e mais",1
"Acionistas de Fibria e Suzano aprovam fusão; Petrobras avança com venda de ativos e mais notícias",1
"Bovespa recua 0,19%, após bater três recordes consecutivos na semana",0
"Crise na Venezuela pode impactar preços dos combustíveis no Brasil, diz Bolsonaro",0
"Ambev abre programa de estágio para recrutar 80 universitários negros",1
"Pregões Incríveis: IPO da Bovespa Holding, a alta de 52% que popularizou a bolsa",1
"Ação da Boa Vista (BOAS3) fecha em disparada de 15,16% em pregão de estreia na B3",1
"Cidade vê corte de empregos pela primeira vez desde 2009",0
"Itaú e Vale amenizam ganhos; Petrobras vira para queda com petróleo e educacionais têm novo dia de baixa",0
"Prejuízo da Petrobras em 2016 é o sexto maior da história da Bovespa; veja ranking",0
"Ibovespa sobe puxado por Petrobras e Vale após PIB dos EUA não surpreender",1
"Vale deve registrar menor produção em quatro anos, projetam analistas",0
"Petrobras faz acordo de US$ 853 milhões para encerrar investigações nos EUA",1
"Natura tem ""resultados impressionantes"" e Itaú BBA diz que é hora de comprar",1
"Itaú e TIM destoam do mercado e sobem após balanços; Petrobras cai forte seguindo petróleo",1
"Bovespa opera em baixa nesta quinta, atenta à agenda de reformas",0
"Bovespa fecha em alta, com PIB e Auxílio Emergencial no radar",1
"Ação que subiu 200% nos últimos quatro anos ainda irá valorizar mais, diz gestor",1
"Bolsa cai com atraso na reforma da Previdência",0
"Sabesp segue baixa após derrocada da véspera; Vale e Petrobras reagem a commodities e registram queda",1
"Moody's coloca ratings da Vale em revisão para rebaixamento",0
"Bovespa sobe 1,85% e recupera os 60 mil pontos, com Petrobras e bancos em destaque",1
"5 ações caem forte após balanços, Petrobras sobe 2% ""ajudada"" por STF e elétrica dispara 11%",1
"Petrobras repete estratégia da venda de ações e mira pessoa física em emissão de debêntures",1
"Petrobras oferece compra e Ibovespa mostra a força dos 79 mil pontos",1
"ANP segue sem pagar subsídios ao diesel à Petrobrás e outras companhias",0
"Ações da Petrobras confirmam sinal de reversão, mas possuem um grande desafio pela frente",1
"Petrobras tem leve queda; seguradoras avançam com recomendação e petroleira sobe 7% com início de produção",0
"Petrobras e BP formam aliança estratégica; Vale, Embraer, 5 recomendações e mais destaques no radar",1
"Dólar vai a R$ 3,96 e Ibovespa cai 2,5% com piora de guerra comercial",0
"Mercado vê eventual eleição de Trump como interrupção temporária de recuperação da Bovespa",0
"Petrobras fecha acordo de leniência; lucro da Renner salta 42% e mais resultados no radar",1
"Opções do Itaú ficam baratas e abrem oportunidade para montar estratégia de compra de volatilidade",1
"“Esperança” por privatização faz ações de Copasa e Banco do Brasil dispararem, mas qual a chance de isso acontecer?",1
"BRF dispara 12% com reestruturação de Parente; Vale cai de olho na China e Eletrobras salta 8%",0
"Banco do Brasil pode ser o mais prejudicado do setor com “efeito-Vale” após tragédia em Brumadinho",0
"Gol salta 11,6% com petróleo em queda e encomenda de aviões; Embraer avança e Petrobras cai 1%",0
"Bovespa opera em alta nesta segunda-feira, com avanço de 0,25%",1
"Região metropolitana do Rio lidera fechamento de vagas em 12 meses",0
"Há grandes oportunidades em “cada Brasil” para a Ambev, afirma CFO",1
"Cade aprova por unanimidade compra do Citi Brasil pelo Itaú com restrições",1
"Medo e desejo de ser Venezuela",0
"Petrobras e Vale caem com tensão entre EUA e Turquia, Marfrig, Kroton, Estácio e Qualicorp caem após balanços e outros destaques",0
"Fabricante de autopeças Meritor vai investir R$ 200 mi em nova fábrica em SP",1
"Embraer tem data para acordo com Boeing, BR Properties é rebaixada após Petrobras devolver prédio e mais notícias",0
"Petrobras deve receber R$ 590 milhões em subsídios do diesel do 2º trimestre",1
"Bovespa começa a semana com avanço de 0,35%",1
"Itaú tem sucesso em recursoe mantém valor de indenização fixado pelo TST",0
"CCR cai até 6% em meio a acusações na Lava Jato; Petrobras, Vale e siderúrgicas sobem forte e 2 ações reagem a recomendações",1
"Corretor fala sobre as carteiras de investimentos recomendadas na Bovespa",1
"Bovespa recua 1,71%, com alta nas ações da JBS e baixa nas da Vale",0
"Educacional salta 5,5% e Vale cai com ""guerra comercial""; 4 ações reagem a recomendações",0
"Ação da Warner Music estreia em alta de 20% na Nasdaq após maior IPO do ano nos EUA",1
"Bovespa fecha em alta com melhora no exterior",1
"Ibovespa segue difícil, mas Petrobras, Gerdau, Vale e B2W têm sinais de compra",1
"Embraer recebe pedido de US$ 1,1 bi da United, Vale tem produção recorde, 7 recomendações e outros destaques",1
"Ambev lucra mais de R$ 2 bi; balanços de Bradesco, GPA, Carrefour, derrota da Petrobras no Carf e mais notícias",1
"Bovespa sobe 1% e fecha na máxima da sessão, puxada por ações de bancos e Petrobras",1
"Manifestação contra reformas afeta as grandes cidades e termina em violência",0
"Eletrobras salta 4,5%, Petrobras sobe 2% e CVC afunda 6% com corte de recomendação; veja mais destaques",1
"Ação da Via Varejo sobe 2,5% e Magalu cai 1%; PetroRio dispara 6% após comprar fatia de campo da Petrobras",1
"Dívida ""dobrada"" da Eletrobras, Moody""s vê nova política da Vale com bons olhos, 2 recomendações e mais destaques",1
"Justiça condena Vale a pagar R$ 11,8 mi a familiares de vítimas de Brumadinho",0
"Próxima crise será muito pior que a de 2008 e será culpa das dívidas, alerta melhor gestor do mundo",0
"UBS tem alta de 99% no lucro do 3º trimestre e ação sobe mais de 2% na Bolsa de Zurique",1
"Itaú BBA eleva Hypermarcas; possível injeção de US$ 2 bi para a Oi, Vale e mais 9 empresas no radar",1
"Heineken abre centro de distribuição próprio em Aracaju",1
"Vale tem leve correção após subir 5% em 3 pregões; Petrobras se descola do petróleo e cai",1
"Não se engane com queda da ação: Vale teve um ótimo balanço - e mercado espera por mais dividendos",1
"Banco do Brasil isenta clientes de nova tarifa do cheque especial em 2020",1
"Ibovespa cai 0,8% e praticamente apaga alta da semana; dólar vai a R$ 4,09",0
"Termômetro Broadcast Bolsa: Expectativa de alta para Bolsa perde fôlego",0
"Bolsa cai abaixo dos 70 mil pontos pela primeira vez desde agosto do ano passado",0
"Dez maiores exportadoras da Bovespa vendem US$ 62 bilhões no exterior",1
"Cervejaria abre vagas na Bahia para profissionais com deficiência; veja como se candidatar",1
"Lama no consumo",0
"Vale anuncia dividendos de R$ 7,7 bilhões e programa de recompra de ações de R$ 1 bilhão",1
"Vale do Rio Doce anuncia distribuição de US$ 400 milhões em dividendos",1
"Ativa inclui Ambev e Gerdau em carteira recomendada para a semana",1
"Após amargar queda de mais de 20%, a gigante Kroton terá uma virada ao se reinventar no setor?",0
"Itaú supera estimativa com lucro de R$ 6,25 bi e outros 6 balanços; Braskem nega proposta de venda e mais destaques",1
"Com greve e embargo, prejuízo da indústria de carnes é de quase R$ 4 bi",0
"Vale e minério de ferro agradecem pela política antipoluição do governo chinês",1
"Produção de petróleo e gás da Petrobras cai 1,9% em junho",0
"Ação da Eletrobras bate máxima histórica e já tem alta de 66% em 2019",1
"Eclético, Apex Capital investe em ações de Itaú até Vale; gestor explica os motivos",1
"Ações de Vale e Petrobras caem 4% com “efeito China”; apenas IRB e Marfrig sobem no Ibovespa",0
"Banco do Brasil pagará até 40% de seu lucro aos acionistas; saiba como aproveitar",1
"Ação da Via Varejo tem nova alta e salta 14% em 2 pregões; Marfrig sobe 3%",1
"Bovespa fecha em queda no 1º pregão de setembro",0
"BRF disparou mais de 20% em dois dias; vale a pena comprar agora?",1
"Ações da JBS disparam na Bovespa",1
"Ações da Vale ""viram o jogo"" e podem anular padrão de baixa nos próximos dias",1
"BB lança linha de antecipação de saque aniversário do FGTS",1
"Petrobras multiplica seu lucro 32 vezes e outros 3 balanços; Ultrapar e B2W elevadas e mais destaques",1
"Vale divulga primeiro prejuízo trimestral desde 2002",0
"Ações da Petrobras saltam mais de 6% seguindo petróleo; 4 ações sobem até 9% após balanços",1
"Com disparada da Bovespa, Previ tem superávit de R$ 3,191 bilhões em 2016",1
"Ação da Marfrig sobe mais 2% seguindo compra da National Beef; Ambev tem leve alta com novo CEO e Itaú cai 1%",1
"O que explica a queda de mais de 7% do Bitcoin em poucas horas?",0
"Ambev registra lucro de mais de R$ 12 bilhões em 2019",1
"Justiça suspende obras da Vale em projeto de US$ 4,1 bi no MA",0
"Vale propõe distribuição adicional de proventos em 2004",1
"Agência do Banco do Brasil em Paulo Jacinto é assaltada",0
"Bovespa fecha em alta pelo 4º dia e renova máxima em quase 5 anos com suporte de bancos",1
"Lucro do Banco do Brasil sobe 33,5% e atinge R$ 4,5 bilhões no terceiro trimestre",1
"Bovespa cai 1,6% em sessão volátil, após declarações de Yellen",0
"Bovespa: veja cinco corretoras de valores para iniciar seus investimentos",1
"Vale vê lucro saltar 375% e ficar em US$ 76 milhões no segundo trimestre",1
"Preços de combustíveis pressionam gastos de prefeituras, diz entidade",0
"Ação do Banco do Brasil sobe mais de 2% após resultado da oferta, Eletrobras avança 5% com fala de ministro sobre privatização",1
"Petrobras reduz estimativa da dívida líquida para US$ 69 bilhões",1
"Como achar o próximo Magazine Luiza da bolsa – e investir antes da alta",1
"Bancos freiam alta da Bolsa com relatório da Previdência",0
"Petrobras corta gasolina em 3,8%; Sabesp lucra R$ 900 mi, 2 novas recomendações do Itaú BBA e mais destaques",1
"PIB para baixo, dólar e inflação para cima: o novo cenário do Itaú para o Brasil",0
"Bovespa se recupera e fecha em alta de 0,42% com exterior avesso a risco",1
"Giro médio diário na Bovespa sobe 32,9% em outubro sobre setembro",1
"Alckmin ataca Haddad em debate: PT faz ""vale tudo"" e lança candidatura ""em porta de penitenciária""",0
"Com dólar perto de R$ 6, quais são as ações mais beneficiadas? Um setor da bolsa se destaca",1
"É mais crise do que roubo",0
"Ações de bancos sobem forte, CSN salta 5% após registro de IPO para unidade de mineração e Petrobras avança 3%",1
"Vale poderá provisionar US$ 2 bilhões para despesas com tragédia em Mariana",0
"Itaú BBA rebaixa recomendação de ação que chegou ao seu limite",0
"Embraer salta 3,5% de olho em acordo com Boeing; Vale sobe 2% e JBS cai 2% com Joesley virando réu",1
"Se não tiver solução, vamos privatizar a Petrobras, afirma Bolsonaro",1
"Vale, siderúrgicas e Petrobras caem de olho em China e petróleo; ações ligadas ao setor doméstico sobem forte",0
"IPO da XP: ações fecham com alta de 27% em sua estreia na Nasdaq",1
"BB Seguridade lucra quase R$ 1 bilhão no 2º tri, Petrobras antecipa pagamento de dívidas e mais notícias",1
"Leilão do pré-sal pode arrecadar R$ 6,82 bi, Petrobras reduz preço da gasolina e mais notícias",1
"Veja cinco corretoras listadas na Bovespa que ajudarão nos investimentos",1
"Lava Jato prende ex-diretor de subsidiária da Petrobras ligado a deputado do PP",0
"Com crise na Turquia, Bolsa cai 1,94% e dólar encosta nos R$ 3,90",0
"Bovespa, Bradesco e Itaú Unibanco levantam mais de R$ 100 milhões na R3",1
"Caixa desiste de ter banco de investimento próprio",0
"Ação da Natura tem alta de 6,7% após campanha de marketing de Dia dos Pais",1
"Bovespa opera estável, após fechar a semana com alta de 3,7%",1
"Petrobrás diz que pode adotar proteção para o preço do diesel no futuro",0
"Banco do Brasil aprova remuneração de R$ 1,24 bilhão aos acionistas; saiba como aproveitar",1
"Petrobras sobe mais de 2% com reajuste do diesel; Rumo dispara 6%, enquanto Fibria e Suzano cai com dólar",1
"Vale tem lucro de US$ 1,59 bi, Bradesco lucra R$ 5,1 bi e mais balanços; decreto sobre Petrobras e outros destaques",1
"Maior alta de setembro, ação da Marfrig dispara quase 6%; Vale e Petrobras fecham estáveis com dados dos EUA",1
"Itaú Unibanco conclui compra do restante de parceria com BMG em crédito consignado, por R$1,46 bi",1
"ANP retira interditação em instalações de refinaria da Petrobras não afetadas por acidente",1
"Itaú BBA eleva preço-alvo e indica compra de ação; ""Valuation atrativo ofusca as dúvidas""",1
"Vale sobe 1% seguindo minério de ferro; Natura avança com planos de CEO",1
"Bovespa fecha em baixa de 2,6% com realização de lucros; commodities pesam",0
"GSI acompanha risco de greve na Petrobrás e em outras estatais",0
"Ambev lucra R$ 4,8 bi",1
"Petrobras tem derrota de R$ 17 bi, mas pode ganhar US$ 28 bi com cessão onerosa; veja mais 9 notícias do mercado",0
"Ação da Vale já deixou Brumadinho para trás",1
"Samarco deixa de pagar juros de título, diz banco",0
"Endividada, Taurus busca no exterior solução para crise",0
"Coronavírus leva a pico de buscas e menções à cerveja Corona no Google e no Twitter",1
"Bovespa opera em alta de 0,48% nesta segunda-feira; veja os destaques",1
"Após demissão de Amos Genish, TIM cai 4,5%",0
"Azul estreia com pompa na Bovespa e reforça retomada em mercado acionário brasileiro",1
"A crise das matérias-primas",0
"Dólar sobe 1,34% e volta a superar R$ 4 por cautela com eleições",0
"Falta de crescimento afasta investidores estrangeiros, dizem analistas",0
"À espera de forte reação nos próximos dias, uma estratégia com Itaú para ganhar nas duas pontas",1
"Brasil não vai virar Dinamarca após Lava Jato, diz presidente de construtora",0
"Itaú BBA aposta em balanços e vê alta de 10% para o Ibovespa",1
"Boeing e Embraer anunciam possível fusão e Bovespa avança mais de 2%",1
"ENTREVISTA: o gestor que prefere Itaú ao invés de BB, mas não diz ""nunca"" a uma estatal",0
"Com bom desempenho de Vale e Petrobras, fundos IBX Ativo se destacam",1
"Duas estatais que vão valorizar no governo Bolsonaro, segundo os Analistas sem Censura",1
"Bovespa opera em alta após decréscimos causados por cenário político atual",1
"Vale tem prejuízo de US$ 133 mi; balanços de BR Distribuidora e Duratex, desdobramento do Magalu e mais notícias",0
"A disputa judicial bilionária que está abrindo ainda mais o gap entre as ações de Bradespar e Vale",0
"12 empresas têm mais de 1.000 vagas abertas",1
"Com maior distribuição de proventos, BES recomenda ações da Vale",1
"Ação da Mitre estreia com alta de quase 8% em primeiro IPO na bolsa brasileira de 2020",1
"Empregados da Eletrobras anunciam greve e pedem saída de presidente",0
"Petrobras anuncia JCP aos seus acionistas após resultado; confira os detalhes",1
"Bolsa paulista tem queda de 1,27% e dólar vai a R$ 4,1395",0
"Petrobras fez em agosto US$ 1,45 bilhão em administração de passivos",1
"Débito da Vale com União pode chegar a R$ 25 bilhões",0
"Ações da Petrobras sobem 5% com petróleo; IRB salta 7%, bancos avançam e Cogna cai com recomendação cortada",1
"Smiles cai 38,8% com fim de parceria e anúncio de reorganização da Gol",0
"Petrobras e Eletrobras sobem de olho na política; Via Varejo segue disparada e avança mais 4%",1
"Petrobras corta gasolina, Itaú é alvo de ação bilionária e Câmara aprova lei dos distratos; mais 6 destaques",0
"Com placar apertado, Petrobras perde ação bilionária no TST",0
"Com Preta Gil e folia em Copacabana, Rio começa oficialmente seu Carnaval de 50 dias",1
"Vale informa o pagamento da primeira parcela de dividendos de 2008",1
"Ação da Petrobras cai com queda de quase 8% do petróleo; MRV dispara 7% com processo interrompido para compra da AHS",0
"Juristas veem chance de Petrobras reverter revés bilionário; 5 recomendações, Vale e mais destaques",1
"Dólar bate R$ 3,95 e fecha no maior valor desde fevereiro de 2016",0
"Bolsa brasileira tem nova máxima histórica no primeiro pregão do ano",1
"“Nossa ação valorizou 1.100% em 5 anos, mas ainda está barata em relação aos resultados”",1
"Crise tira 61 mil vagas dos cinco maiores empregadores brasileiros",0
"Bovespa  inicia mês de outubro operando em baixa de 0,42%",0
"Petrobras vai propor novo plano de cargos e salários na segunda-feira",1
"Política agressiva de até US$ 4 bi de dividendos da Vale, Petrobras tem vitória no Cade, nova carteira do Ibovespa e mais",1
"Bolsa tem terceira semana de queda; dólar fecha a R$ 3,77",0
"À espera de reversão no curto prazo, duas operações com Petrobras e Vale que podem render até 500% na Bolsa",1
"No exterior, Bolsas têm pior semana do ano com guerra comercial",0
"Petrobras ""hiberna"" fábricas de fertilizantes; balanços do 4º trimestre, Vale e mais destaques no radar",1
"BRF rebaixada pelo BofA e fora da lista do Itaú BBA, 5 balanços, 3 notícias de Petrobras e mais destaques",0
"Vale e siderúrgicas saltam até 5% seguindo ADRs e Petrobras avança 2%; Triunfo dispara após plano homologado",1
"Governo instala gabinete em ministério para acompanhar desdobramentos de ataques a refinarias",0
"Euforia no mercado: Petrobras, Vale, Ambev e bancos ganham R$ 54,5 bilhões de valor",1
"Braskem cai 3% com oferta de ações; Vale recua 4%, Wiz dispara 12,5% e BR Pharma salta até 38%",0
"Concorrente da Vale prevê lucros duas vezes maiores em 2005",1
"Bolsa cai 1% com nova previsão de desaceleração da economia global",0
"Itaú e outras empresas anunciam doações para o combate ao coronavírus",1
"Ambev estende rali e ganha R$ 40 bilhões na bolsa com ajuda da Heineken – mas analistas fazem alerta",1
"Via Varejo cai mais de 9%; Bradespar salta 19% e Petrobras tem ganhos de quase 10% em setembro após acordos",1
"Ambev anuncia investimentos de R$ 2 bi nos próximos meses",1
"Petrobras espera receber R$ 590 milhões em subsídios do diesel do 2º trimestre",1
"Itaú Unibanco reduz taxa de juros para financiamento da casa própria",1
"Dólar tem primeira queda semanal ante o real em quase dois meses após payroll mais fraco",1
"Acordo de R$ 2,5 bi de holding da Vale, ""dança das cadeiras"" em Marisa e Hypera e outras notícias",1
"Bolsas mundiais amenizam queda após ameaça de Trump",0
"Vale e siderúrgicas sobem com dados da China; BR Distribuidora salta até 6% após balanço e mais destaques",1
"Banco do Brasil vira ação preferida de investidor com Bolsonaro",1
"Ibovespa destoa do exterior e cai 1,3% com apreensão política; dólar sobe para R$ 4,13",0
"Mesmo sem reajuste da Petrobras, preço da gasolina sobe e chega a R$ 4,652",0
"Ações da Oi ficam entre maiores altas da B3 em dia de queda livre do mercado pelo coronavírus",1
"À espera de nova máxima, analista recomenda comprar opções do Itaú: operação rende 200% em 2 dias",1
"Brasileiro reduz gastos no exterior com alta de dólar em agosto",0
"Bovespa fecha em alta de 1,45% e Vale é destaque positivo",1
"Ibovespa fecha em alta de 1,9% e atinge maior patamar desde 9 de setembro; dólar sobe a R$ 5,61",1
"Após ataque, combustível ficará mais caro no Brasil nas próximas semanas, diz especialista",0
"Queda de ações da Vale divide investidor local e estrangeiro, diz UBS",0
"CVM pede condenação de Dilma por não ter sido diligente na compra de Pasadena",0
"CEO da Petrobras defende imposto flexível para combustível; Justiça suspende leilão de distribuidoras da Eletrobras e ais",1
"10 vantagens de investir em Bolsa nos EUA ao invés da Bovespa",1
"Bovespa cai quase 1,5% acompanhando cenário externo",0
"Petrobrás aprova mecanismo que pode manter preço da gasolina estável por até 15 dias nas refinarias",1
"Desastre de Brumadinho traz à tona ressentimento e críticas contra a Vale",0
"Ambev: segura, rentável e cara",1
"Com ajuste pós-feriado, Bolsa cai e dólar fecha perto de R$ 3,80",0
"Com possível oferta de compra, ações da Rio Tinto avançaram 11% em Londres",1
"Explosão em Paulínia não deve fazer Petrobrás acionar seguro",0
"Petrobrás vê risco em estender exportação de combustíveis para distribuidores",0
"Situação do país piorou para 72% da população, aponta Datafolha",0
"Lucro da Vale cai 36% no 1º trimestre de 2018 e marca US$ 1,59 bilhão",0
"Grandes empresas de destilados doam álcool para hospitais durante crise do coronavírus",1
"Vale salta 4% com minério, Gol despenca 5% e Petrobras tem nova queda; veja mais destaques",1
"Gerdau e CSN animam analistas após balanços; má notícia para Petrobras e Eletrobras e outros destaques",0
"Os três fatores que fizeram o Ibovespa cair 1,4% e o dólar subir para R$ 3,89",0
"Bovespa fecha em alta de olho nas discussões sobre gasto público",1
"Ações da Vale caem mais de 4% com apresentação do relatório final da CPI de Brumadinho",0
"Petrobras trava disputa de US$ 30 bi com governo; lista de ações do Itaú BBA e mais 8 notícias no radar",0
"Dólar sobe 1,15% com críticas de Guedes a relatório da Previdência",0
"‘Crise ambiental é uma ameaça gigante’, diz José Roberto Mendonça de Barros",0
"Bolsa cai 0,41% com mercado à espera de projeto de militares, Copom e Fed",0
"Leilão da Eletrobras revisado, Petrobras pode manter fatia na Braskem e outras notícias",1
"Ataque na Arábia Saudita pode ser considerado um 11 de Setembro, diz diretor da ANP",0
"Refinaria da Petrobras volta a operar, CSN cancela dividendos, alívio em sobretaxa do aço e outras notícias",1
"Vendas de cerveja da Ambev no Brasil surpreendem no 2º tri, mas analistas mantêm cautela sobre recuperação",1
"Petrobras reajusta novamente preço da gasolina em 1,02% e bate novo recorde",1
"XP recomenda ação do IRB apesar da alta de 249% desde o IPO: “há espaço para mais”",1
"Petrobras e bancos sobem com ajuste de ADRs e seguindo ""efeito Bolsonaro""; veja mais destaques",1
"Bovespa facilitará abertura de capital de empresas de médio porte",1
"Governo não prevê mais privatizar Eletrobras em 2018, maior gestora do mundo vende ações de Petrobras e mais 10 notícias",0
"Ibovespa tem leve queda com guerra comercial ofuscando Copom; dólar sobe",0
"Chega a conta das lambanças do diesel",0
"Investigações envolvendo Maia e Flávio Bolsonaro freiam recuperação da Bolsa",0
"Com Argentina e impasse entre EUA e China, dólar vai a R$ 4,18",0
"Vale muda política de dividendos e pagamento passa a depender do Ebitda semestral",1
"Ibovespa cai 1% e perde os 100 mil pontos após dados dos EUA; dólar e DIs recuam",0
"Ação da Cielo tem nova alta e salta mais de 30% em 4 pregões; Magalu sobe 3,7%",1
"Nova ameaça de Trump deve afetar Vale; Energisa faz oferta de R$ 3,24 bi pela Eletropaulo e mais destaques",0
"Ação da B2W dispara 17% e Via Varejo sobe 12% em dia de alta para varejistas; Petrobras avança 5%",1
"Petrobras corta gasolina pelo 4º dia, Itaú propõe 50% a mais de dividendos com desdobramento; mais 8 notícias",1
"É o fim: Bovespa divulga 15 empresas que serão excluídas da Bolsa até 6 de março",0
"Bovespa registra o maior valor de mercado da sua história, com R$ 2,78 trilhões",1
"Empresas criam iniciativas para ajudar pequenos negócios; saiba como se beneficiar",1
"Produção da Petrobras cai em junho, Credit da ""upgrade duplo"" em seguradora, prévias de construtoras e mais destaques",0
"Ação da Suzano sobe 5%, Valid salta 9% e Hering avança 6% após balanços; Vale tem alta de 2% com China",1
"Apesar de queda pontual, Ibovespa deve buscar os 115 mil pontos, diz analista",0
"Em NY, Dilma revela 'extrema preocupação' com crise",0
"Vale sobe com commodities e já salta 8,5% no ano; CSN avança mais de 1% com planos para se desfazer de Usiminas",1
"BofA recomenda compra de ação que já valorizou 8.000%",1
"Bovespa reage após Moro condenar Lula a nove anos de prisão; entenda",1
"Itaú lucra R$ 6,28 bi e lucro da TIM avança 66%; proposta da Boeing pela Embraer, 3 recomendações e mais destaques",1
"Azul quer estrear na Bovespa no 1º bimestre de 2017, diz fonte",1
"Petrobrás ataca propostas da ANP para reduzir preço diesel",0
"Petrobras comenta decisão do STF, Eletropaulo tem prejuízo e Hypera supera maior projeção de lucro; veja destaques",0
"Petrobras lucra R$ 40,1 bilhões em 2019, maior valor nominal da história das empresas de capital aberto",1
"Magazine Luiza tem melhor trimestre da história; dividendo ""extra"" do Itaú e mais notícias no radar",1
"Bovespa registra queda de 0,31%, pressionada pelas ações da Vale",0
"Petrobras e sindicatos recebem proposta de acordo coletivo do TST",1
"O limite da irresponsabilidade",0
"Petrobras se ajusta a ADRs e cai mais de 1%; Itaú tem queda após resultado",0
"Itaú e Bradesco cravam novo corte na Selic este mês após IPCA",1
"Ação da Vale está bastante descontada mesmo se empresa sofrer multa bilionária, avalia XP",0
"Investimento estrangeiro na Bovespa fica positivo em R$ 2,904 bilhões em maio",1
"Com redução nos conflitos internacionais, Bovespa cresce 0,74% nesta segunda",1
"Petrobras afirma que pode recuperar até R$ 16,9 bilhões após ganhar causa sobre PIS/Cofins",1
"PF indicia funcionários da Vale por Brumadinho; Oi tenta vender fatia na Unitel e mais destaques",0
"Petrobras cai quase 2% seguindo petróleo; Vale tem queda com ação do MP e mais destaques",0
"Maldição de maio assombra investidor e leva mercado a cautela",0
"Ambev inaugura fábrica só de latinhas e busca controlar custos em meio às mudanças no consumo com pandemia",1
"4 grandes bancos recomendam ""compra"" para BR Distribuidora; Credit eleva preço-alvo de Vale, duas prévias e mais",1
"Itaú, Ambev e Magazine Luiza lideram ranking de marcas solidárias na pandemia",1
"BM&F Bovespa realiza cerimônia para comemorar primeiro IPO de 2017",1
"Mais de 40% dos foliões consumiram novas bebidas na Ambev neste Carnaval",1
"Lula enganou o mundo, diz jornal americano Wall Street Journal",0
"Suzano elevada, BRF rebaixada e 6 recomendações; CEO da Vale fala de dividendos ao FT e mais 5 notícias no radar",1
"Bom desempenho dos papéis na Bovespa beneficia fundos Vale do Rio Doce",1
"Vale cai 2% seguindo derrocada do minério em meio à tensão China-EUA; siderúrgicas em baixa",0
"Ibovespa em tendência de queda no gráfico diário; só Vale se mantém na compra",1
"Prejuízos fazem Deca deixar a Argentina",0
"Programa de desligamento do BB tem mais de 2,3 mil adesões",0
"Ibovespa cai com exterior e indicado na Vale",0
"BM&F Bovespa abre pregão com iniciativa sobre igualdade de gênero",1
"Cielo dispara 5%, Itaú sobe e mais 6 ações reagem a balanços do 3° tri; Braskem cai após saltar 12% ontem",1
"Índice de dividendos valoriza o triplo do Ibovespa em 6 anos; invista com custo baixo",1
"China promete tomar “contramedidas necessárias” em reação a tarifa de 10% dos EUA",0
"Vale pagará R$ 2,40 brutos por ação a investidores, totalizando R$ 12,4 bi; para analistas, “é só o começo”",1
"Ibovespa segura os 99 mil pontos, mas cai 1,2% e volta a patamares pré-reforma",0
"Petrobras notificada na Argentina por perda com Lava Jato, Via Varejo faz parceria e outras notícias",0
"Vale, Itaú Unibanco e mais 4 ações para investir nesta semana",1
"Vale retifica pagamento de remuneração de debêntures",1
"Ambev fecha transação para formar aliança estratégica no Caribe",1
"Petrobras salta 5% com cessão onerosa; Eletrobras dispara 18% e só duas ações do Ibovespa caem mais de 1%",1
"Bovespa sobe após dados do mercado de trabalho dos EUA e com recuperação de bancos",1
"Para Itaú, com ou sem reforma, haverá descumprimento do teto dos gastos em 2019",0
"Cervejaria produzirá álcool em gel para doar a hospitais públicos",1
"Bovespa dispara 3,72% após condenação de Lula",1
"Dólar bate R$ 4 com aversão a risco por impasse comercial entre EUA e China",0
"Analista antecipa rali da Vale e inclui ação na carteira semanal da XP; potencial de alta é de mais de 14%",1
"Maior crise que o brasileiro vive é a de perspectiva, diz presidente do Data Popular",0
"AmBev anuncia proventos, bonificação e resultado de recompra de ações",1
"Bolsa recupera 100 mil pontos e dólar fecha a R$ 4,17, maior cotação em quase um ano",1
"Focus reduz expectativa de inflação e mantém previsão de Selic a 5%",0
"Em dia de euforia das commodities, opções da Vale e Gerdau disparam mais de 300%",1
"JBS e Braskem saltam após balanços; Vale e siderúrgicas avançam com commodities",1
"Solução de bilionário para crise de refugiados: contratá-los",0
"Anúncio da China deve impactar Vale; 4 recomendações, Petrobras e mais destaques no radar",0
"Ações vão de alta de 4% a baixa de 6% em reação a balanços; Petrobras e Vale sobem 1%",1
"Ibovespa fecha abaixo dos 100 mil pontos pelo quarto pregão seguido: o ânimo acabou?",0
"Descubra porque a Bovespa permanece desvalorizada mesmo após recordes",0
"BlackRock eleva participação na Petrobras; Itaú elevado a compra pelo Credit, BRF na mira da Carne Fraca e mais destaques",1
"Petrobras tem boa notícia vinda da ANP; lucro da TIM salta 53%, alerta para Multiplus e mais notícias",1
"Bovespa cresce 0,76% nesta segunda, após queda de quase 1% na semana passada",1
"Ultrapar dispara 7,5% com resultado e Petrobras sobe 2% antes de balanço; veja os destaques",1
"Uma ação que pode se multiplicar por 4 vezes nos próximos anos na Bovespa; confira no XP Connection",1
"Por que o resultado da Vale animou a Bovespa mas o da Natura decepcionou? Confira",1
"Itaú BBA elege vencedoras com queda da Selic; reações aos balanços de Fibria e Cielo e mais 6 notícias",1
"Ideias mortas",0
"Ibovespa dispara mais de 2% com ""efeito Alckmin"" e Petrobras; dólar afunda para R$ 3,70",1
"Queda de 2% do Ibovespa com Argentina abre oportunidade com pozinhos",0
"Ação da Usiminas salta 10% e Petrobras sobe 3%; varejistas caem forte com recomendações e IRB recua 5%",1
"Vale cai 24% e perde R$ 72 bilhões de valor após tragédia em Brumadinho; ação da Ambev dispara 4% e Petrobras cai 3%",0
"Ação de empresa de piscicultura valoriza 2.500% em meio à pandemia",1
"Bovespa fecha em queda e segue abaixo dos 100 mil pontos",0
"BRF salta 12% com reestruturação de R$ 5 bilhões de Parente; Vale e Petrobras caem mais de 1%",0
"Presidenciáveis rejeitam renovar subsídio de R$ 18 bi ao diesel em janeiro",0
"Bovespa recua 0,68% nesta segunda-feira, com investidores mais cautelosos",0
"Vale opta por flexibilizar contratos de longo prazo de minério de ferro",1
"Vale cai 10% no ano, e agora? Analistas divergem sobre dois fatores-chave para o futuro da ação",0
"Ação valoriza 22% e deve subir mais 20%; veja por que comprar",1
"Bovespa cai 1,98% nesta quinta-feira; Vale e Petrobras impulsionam a baixa",0
"Itaú cita incerteza sobre reformas e reduz previsão de corte da Selic para 1,00pp",0
"BR Distribuidora estreia na bolsa, IPO do Burger King supera R$ 2 bi, Vale e Vivo aprovam JCP e mais destaques",1
"Vale dispara 5% com boas notícias da China e Eletrobras sobe após decisão do STF",1
"Banco Central do Brasil acompanha atentamente crise na Argentina",0
"Ibovespa é “salvo” por declaração de Paulo Guedes e fecha semana mais curta em alta",0
"Petrobras tem o menor patamar de endividamento desde 2012",1
"Por que ainda vale a pena comprar uma ação que sobe 127% em 2018?",1
"Black Friday na Bovespa: 8 ações que estão com “desconto” de até 58%",1
"País terá de crescer 3% para garantir folga fiscal, diz Itaú",1
"Fechamento de vagas de trabalho no Brasil pode ter parado em janeiro, avalia Itaú",0
"Dados da China animam e Vale sobe mais de 1%",1
"Dividendos: Vale propõe remuneração adicional de US$ 300 milhões para 2005",1
"Críticas de Guedes ao relatório da Previdência derrubam Bolsa",0
"Ibovespa sobe 2% e dólar cai até R$ 3,69 com Bolsonaro mais próximo da vitória e EUA em alta",1
"Com volatilidade em queda, opções do Itaú ficam atrativas na bolsa; veja como se posicionar nesses ""pozinhos""",1
"Cenário externo derruba os mercados",0
"Como quatro jovens empreendedores alavancam a energia solar no Brasil",1
"A hora de agarrar uma oportunidade em uma grande empresa",1
"Ação da Via Varejo dispara 74%",1
"BB estuda vender R$ 6,5 bi em ações e sair da Cielo",0
"Itaú BBA eleva preço justo de ação que acumula alta de 124% em 2017",1
"Petrobras tem 2º trimestre notável e ações disparam - mas isso não afasta preocupação do investidor",1
"Vale cai com declaração de força maior, bancos e Petrobras caem até 2%; apenas 2 ações do Ibovespa sobem",0
"Analistas aplaudem transformações da Ambev – mas ainda não veem impacto nas ações da companhia",1
"Petrobras mostrará seu valor após nuvem eleitoral, diz CFO",1
"Vale retifica sobre primeira parcela da remuneração do acionista",1
"Bolsas despencam com contra-ataque chinês em guerra comercial",0
"Dez das maiores empresas do país perderam R$ 1,2 bi com caminhoneiros",0
"Investidores abrem processo nos EUA contra a Vale",0
"Bolsa cai 1% com realização de lucros; dólar recua para R$ 3,74",0
"Não temos mais ""sofrência"" na Petrobras, diz Ivan Monteiro",1
"Petrobras retira bloqueio cautelar da Odebrecht; japonesa de olho na Vale e mais destaques",1
"Possível liberação de saques do FGTS melhora resultados da Bolsa",1
"Itaú BBA reduz preço justo da Petrobras e mais 3 notícias da estatal; 2 recomendações e outros destaques",0
"Petrobras despenca 14% e puxa Bovespa, que cai 4,49%",0
"Petróleo fecha em forte alta, de quase 15%, após ataques na Arábia Saudita",0
"Vale é punida por Justiça na Suíça",0
"Bradesco rebaixa ação que valorizou 69% e vê momento para realização de lucros",1
"Fundos de privatização da Vale do Rio Doce mostram o maior retorno em trinta dias",1
"Dólar vai a R$ 4 e Ibovespa cai mais de 2% com primárias argentinas",0
"Bolsa brasileira cai 8% em cinco sessões; dólar sobe para R$ 3,73",0
"Ação da CSN fecha em alta após resultado; Suzano e Klabin sobem 4%",1
"Petrobras reduz preço da gasolina, Santander rebaixado pelo Credit e mais recomendações no radar",1
"Vale trata a Amazônia como 'almoxarifado', diz governador do Pará",0
"Petrobras perde R$ 32 bilhões de valor de mercado após Bolsonaro intervir em reajuste",0
"Petrobras vai antecipar pagamento de R$ 652 milhões aos acionistas",1
"Vale cai com tensão entre EUA e China; confira mais destaques",0
"Petrobras atinge maior valor desde que Dilma foi anunciada candidata do PT",1
"Vale anuncia lucro líquido em alta",1
"O tamanho do estrago que os EUA e China podem causar com a guerra comercial",0
"Em nova máxima, Petrobrás sobe preço da gasolina em 1%",0
"Ibovespa avança 1,6% puxado por bancos, Petrobras e Vale; dólar sobe pelo 4º dia e vai a R$ 3,67",1
"Alta das ações da Vale impulsinou os fundos CVRD-FGTS em janeiro",1
"Giro financeiro no segmento Bovespa sobe 4,2% e atinge R$ 112,01 bilhões em agosto",1
"Petrobras perde ação trabalhista que pode custar R$ 17 bilhões para a empresa",0
"Ações de Vale passam por leilão após BNDES anunciar venda",1
"Em dia de forte aversão ao risco, 17 ações do Ibovespa caem mais de 5%; só Suzano fecha em alta",0
"Ambev compra cervejaria dominicana por US$ 1,2 bilhão",1
"Ambev abre programa de trainee com salário inicial de R$ 6,4 mil",1
"Vale comunica ao mercado o pagamento de remuneração sobre suas debêntures",1
"Azul faz sua estreia na Bovespa com movimentação de R$ 2 bilhões",1
"Assembleia aprova lei que reduz imposto sobre cerveja produzida com mandioca plantada em Goiás",1
"Bovespa mostra indefinição em meio a cautela com Trump e balanços corporativos",0
"Bovespa sobe 1,75% e fecha na máxima desde abril de 2012",1
"Call da virada: analista fecha 3 operações com Vale com ganhos de até 340%",1
"Bolsonaro diz que postos de combustíveis não acompanham ajustes da Petrobras",1
"Após Ibope, Petrobras ganha R$ 22 bi de valor e bancos disparam até 11%; veja mais destaques",1
"Vale sobe com dividendos, mudanças no Ibovespa impactam 2 ações e construtora dispara 20% com lucro bilionário",1
"Ação da Petrobras zera ganhos; Saraiva sai de alta de 100% para queda de 23% e Eternit sobe 51%",0
"Petrobras sobe mais de 2% após derrocada com TST; Vale e siderúrgicas avançam com alívio em guerra comercial",1
"Instabilidade não deve ficar restrita a maio",0
"Bovespa opera em alta nesta quinta-feira, após votação na Câmara",1
"Com ganhos de até 80% em um ano, Itaú, Bradesco e BB ainda têm ""espaço"" para surpreender no 2° semestre?",1
"Dólar cai a R$ 3,77 nesta sexta, mas fecha segunda semana de alta",0
"Bovespa fecha em alta e volta aos 100 mil pontos depois de mais de 1 mês",1
"Diesel volta a subir nos postos apesar de programa de subsídio do governo",0
"Cautela com eleições faz Bolsa cair 1,49%; dólar fecha perto da estabilidade",0
"Itaú reduz projeção de inflação para 3,3% em 2017 e vê ciclo mais longo de corte de juros",1
"ENTREVISTA-Kinea, do Itaú Unibanco, pode lançar fundo de infraestrutura em 2017",1
"Empresas doam 540 mil fatias de pão para comunidades vulneráveis",1
"Locamerica dispara 11% após anúncio de fusão com Unidas; Vale supera os R$ 40 e varejistas têm nova alta",1
"Vale cai mais de 4% com parecer de CPI e derruba Bolsa",0
"Bolsa fecha em leve baixa pressionada por Petrobras e bancos; dólar fecha estável",0
"Itaú aprova desdobramento em 50% das ações e acionistas saem ganhando",1
"Dia azedo no mercado: Santander vira para queda e segue demais bancos; Petrobras e Vale caem mais de 1%",0
"Crise fiscal brasileira também é culpa da sociedade, diz Marcos Lisboa",0
"Vale ignora minério de ferro e cai, BB Seguridade recua após balanço abaixo do esperado e outros destaques",0
"Bovespa cai e dólar sobe com agravamento da guerra comercial entre EUA e China",0
"Bovespa fecha em queda nesta terça, abaixo dos 100 mil pontos",0
"Petrobras eleva preço do diesel, Embraer vai fabricar novo cargueiro com Boeing e mais notícias",1
"Ação da Usiminas sobe 5% com recomendação e Ambev salta com sinais de retomada; Petrobras avança 2% após Opep+",1
"Marcha na República Dominicana reúne milhares contra caso de suborno da Odebrecht",0
"O bom humor voltou ao mercado. Veio para ficar?",1
"Real tem pior mês desde perda do grau de investimento",0
"Lucro da Vale sobe 40% e atinge US$ 5,51 bilhões no acumulado de 2017",1
"Leilão da  Aneel na Bovespa arremata mais de  de R$ 360 milhões",1
"Petrobras segue top pick do Itaú BBA; balanços de Sabesp e Marfrig e mais destaques do mercado",1
"Petrobras precisa sim ter sua política de preços, diz ministro da Fazenda",0
"Fim do monopólio da Petrobras no mercado de gás está próximo",0
"Petrobrás eleva preço da gasolina em 3,5% e do diesel em 4,2%",0
"Lucro do Magazine Luiza salta 594% e Itaú supera estimativas; recomendações, Petrobras e mais destaques",1
"Paralisação de caminhoneiros gera perdas de mais de R$ 5 bi à agropecuária, diz Ipea",0
"Cemig salta 5% com avaliação de ativos; Vale sobe 3% e JBS cai 2% após balanço de subsidiária",1
"Nova tabela do frete mínimo vai incluir reajuste de 13% do diesel",0
"Com piora do cenário doméstico e queda do petróleo, Bolsa perde os 97 mil pontos",0
"Itaú sobe 2% e Magazine Luiza salta 4% após balanços; Suzano dispara 8% com Novo Mercado",1
"Zelotes atinge bancos e Itaú, BB e Bradesco encolhem R$ 9 bilhões na Bolsa",0
"Procon-SP recomenda à Gol suspensão imediata de operação do Boeing 737 MAX 8",0
"CVM processa Dilma e conselho da Petrobras por compra de Pasadena",0
"Bolsa cai 1,34% com prisão de Temer e projeto de militares",0
"Vale, Petrobras e bancos correspondem a metade do ""novo"" Ibovespa",1
"Bovespa: Veja cinco corretoras que ajudarão nos seus negócios",1
"Como investir e comprar ações da Petrobras (PETR4 e PETR3)?",1
"A Vale ainda não entrou na produção de aço, felizmente",0
"Nova derrota do governo e retração no 1º tri derrubam Bolsa; dólar vai a R$ 4",0
"Ação barata e carteira de crédito defensiva: os trunfos do BB destacados por analistas após o balanço do 1º tri",1
"Bradesco BBI destaca um dos ""melhores ativos do Brasil"", Itaú BBA corta projeção de bancos e mais 13 empresas no radar",1
"Petrobras e Vale disparam mais de 3% após balanço",1
"Bovespa fecha em leve queda, com ajuste de bancos e chegada do Amazon Prime no Brasil",0
"Ambev lucra R$ 11,78 bilhões em 2019, alta de 7%; volume de vendas de cerveja sobe 1,4% no 4º trimestre",1
"Ações do Itaú ainda não ""azedaram de vez"" por conta de um importante suporte",0
"Com cenário positivo, fundos da Vale registraram bons ganhos em trinta dias",1
"Guerra comercial, crise na Argentina e risco de recessão: como gestores brasileiros estão investindo?",0
"Santander avança 2% com ""prévia"" do resultado do 1º trimestre; Vale e siderúrgicas sobem 1%",1
"Banco do Brasil tem lucro líquido ajustado de R$ 3,31 bi no segundo trimestre, queda de 25,3%",1
"Petrobras tem queda na produção, Vale divulga data do balanço do terceiro trimestre e mais notícias",0
"Ibovespa cai 0,14% e encerra sequência de 4 altas puxado por bancos e varejo",0
"Google completa 16 anos na Bolsa com alta de 3.500% das ações e sem nunca ter distribuído dividendos",1
"Petrobras e Vale ""contrariam"" desempenho das commodities e têm leves ganhos; veja mais destaques",1
"Bolsa termina junho com alta de 4,06%, melhor resultado mensal desde janeiro",1
"Bovespa sobe 1,5% e fecha no maior patamar desde janeiro de 2013",1
"Bovespa sobe 1,6% e recupera os 60 mil pontos; Banco do Brasil é destaque positivo",1
"Petrobras vai instaurar comissão para investigar incêndio em Centro de Pesquisa",0
"Petrobrás já vale 65,5% do seu patrimônio; ações abrem em baixa",0
"‘A Bolsa ainda é nossa maior aposta para o ano’, diz diretor do Itaú",1
"Petrobras salta até 5% após balanço surpreendentemente positivo; B2W e Ultrapar sobem após balanços",1
"Itaú Unibanco perde processo no Carf sobre tributação de usufruto de ações",0
"Petrobras perto de fechar acordo de cessão onerosa, Temer corre para concluir venda de Embraer e mais destaques",1
"Bovespa: veja quatro dicas para escolher o melhor título no Tesouro Direto",1
"Estudo mostra que lama de Mariana atingiu Abrolhos sete meses após tragédia",0
"Bovespa cresce 0,24% nesta segunda, com avanço nas ações da Vale",1
"Coreia do Norte condena Trump à pena de morte após “declaração de guerra”",0
"Rebalanceamento do MSCI afetará 4 ações e deve ""tirar"" US$ 23 milhões da Bovespa",0
"Estreia na Bovespa, lucro de R$ 1,9 bi da Itaúsa e mais 2 balanços, Petrobras e mais 12 notícias",1
"Ambev fabricará e doará 3 milhões de máscaras de proteção facial feitas com pet",1
"Bovespa recua quase 1,5% com cautela no exterior",0
"A Companhia Vale do Rio Doce vai investir US$ 4,6 bilhões em 2006",1
"Petrobras salta 6% de olho em cessão onerosa; bancos disparam até 7% e Cielo sobe 6%",1
"Ações do Itaú e de mais dois bancos serão negociadas ""ex"" no próximo pregão; confira os valores",1
"BB limita dividendo a 25% do lucro; Petrobras cria plano de aposentadoria incentivada e mais destaques",1
"Após Santander, Banco do Brasil reduz taxas de fundos DI para 3%",1
"Dia D para a recuperação judicial da Oi; Petrobras, Vale e mais destaques no radar",1
"Vale confirma descoberta de hidrocarbonetos na Bacia de Santos",1
"Vale mergulha 4% em uma hora e meia; Itaú diz que ""fatores que conduziram o rali vão se dissipar""",0
"Bovespa sobe 0,32% amparada em ganhos do Itaú e da Vale",1
"Sob impacto dos caminhoneiros, inflação dobra em maio",0
"Analista abre recomendação em Vale e chama atenção para as ações dos bancos e Usiminas",1
"Vale reverte prejuízo e lucra US$ 995 milhões no segundo trimestre de 2020",1
"Com incertezas no cenário externo e local, Bolsa cai 0,73% e dólar sobe",0
"Volume do segmento Bovespa soma R$ 177 bilhões e atinge recorde em agosto",1
"Ibovespa vira para queda na contramão do exterior após novo adiamento da Previdência",0
"Petrobrás recorre ao STF contra ação trabalhista de R$ 17 bi",0
"Decisão de Trump pode ser uma “declaração de guerra” no Oriente Médio, afirma diplomata britânico",0
"Itaú estuda nova emissão de títulos perpétuos para reforçar capital",1
"Itaú, Bradesco e Santander lucram juntos R$ 14,5 bilhões no 2º tri, alta de 14% em um ano",1
"Petrobras cai 7% de olho em ação trabalhista bilionária; Eletrobras despenca 8% e só 10 ações sobem",0
"Além da Apple: 14 empresas que já estão sofrendo com a guerra comercial entre EUA e China",0
"BB tem bom resultado, mas deixa pergunta: como a nova gestão lidará com os desafios do banco estatal?",1
"Ação do IRB perde força no final do pregão, mas sobe 27% na semana; Suzano sobe mais de 4%",1
